{"overall_wkl": 0.10138153069897751, "per_round": {"1": 0.07442960035292126, "2": 0.08097597249896953, "3": 0.023510389516761595, "4": 0.06123634132211862, "5": 0.08142564352779905, "6": 0.13550512369526135, "7": 0.30230076792247274, "8": 0.05166840675551593}}