{
  "module": "unet_predictor",
  "mode": "insample",
  "obs": 0,
  "tau": 0,
  "overall_wkl": 0.017308639591564017,
  "per_round": {
    "1": 0.018762141776270204,
    "2": 0.021287381547227494,
    "3": 0.008275189735612531,
    "4": 0.01444266444169635,
    "5": 0.01626370594228225,
    "6": 0.023725737308719068,
    "7": 0.021907417008040823,
    "8": 0.008596392268177752,
    "9": 0.018154297611789917,
    "10": 0.00865269293482202,
    "11": 0.020395947657414985,
    "12": 0.023526579873144195,
    "13": 0.01579219302723795,
    "14": 0.020517542328077332,
    "15": 0.019329710412947444
  }
}