{
  "module": "regime_predictor",
  "mode": "cv",
  "obs": 5,
  "tau": 20.0,
  "overall_wkl": 0.07502825098934632,
  "per_round": {
    "1": 0.07090184251363932,
    "2": 0.09210178446166027,
    "3": 0.020916194524984093,
    "4": 0.036101319308270985,
    "5": 0.05318907199380703,
    "6": 0.10940430192150004,
    "7": 0.14485136972892182,
    "8": 0.04302413991056797,
    "9": 0.058436457711869526,
    "10": 0.018192048465198934,
    "11": 0.0611269413872356,
    "12": 0.22191871192401286,
    "13": 0.03891463396172899,
    "14": 0.08131669603745102
  }
}