{
  "budget": {
    "0": {
      "wkl": 0.10384643416747688,
      "kl": 0.11987838061924454
    },
    "5": {
      "wkl": 0.0546884394676556,
      "kl": 0.059764499649336014
    },
    "10": {
      "wkl": 0.05440395011719268,
      "kl": 0.05947251631358663
    },
    "20": {
      "wkl": 0.054405028582330026,
      "kl": 0.059473724877062636
    },
    "30": {
      "wkl": 0.054404506224381165,
      "kl": 0.059473118998345745
    },
    "50": {
      "wkl": 0.054405028646063155,
      "kl": 0.05947372496717257
    }
  }
}