{
  "tau_results": {
    "0": 0.07689851020528206,
    "2": 0.11022093506870324,
    "5": 0.08148006050920065,
    "10": 0.07509513594576954,
    "20": 0.0749349617585182,
    "50": 0.07459617116612695
  },
  "per_round": {
    "0": {
      "1": 0.059110966570930526,
      "2": 0.06848148584930949,
      "3": 0.033394039051521704,
      "4": 0.036588098287099566,
      "5": 0.05213279128696546,
      "6": 0.11622791373904431,
      "7": 0.1627257959527772,
      "8": 0.02490194179660184,
      "9": 0.050336779788764094,
      "10": 0.018941138328677817,
      "11": 0.06861532583033228,
      "12": 0.25762143285825867,
      "13": 0.03462933557700675,
      "14": 0.09287209795665909
    },
    "2": {
      "1": 0.10469982564345934,
      "2": 0.11827280893508992,
      "3": 0.037962378958226205,
      "4": 0.06068760399053987,
      "5": 0.09731198674728946,
      "6": 0.19187408341927703,
      "7": 0.17921039123508375,
      "8": 0.03732518078557516,
      "9": 0.10533314854880764,
      "10": 0.031264089624193706,
      "11": 0.12589393197015905,
      "12": 0.22904760466581764,
      "13": 0.07244193196399941,
      "14": 0.1517681244743272
    },
    "5": {
      "1": 0.07048529559067387,
      "2": 0.08562954735348025,
      "3": 0.03265281846384836,
      "4": 0.04271628779580377,
      "5": 0.06049451492770717,
      "6": 0.13476055428081252,
      "7": 0.15046911141612607,
      "8": 0.028309050769926358,
      "9": 0.06490399970502701,
      "10": 0.022300974760173495,
      "11": 0.08031711332981192,
      "12": 0.21774173249425885,
      "13": 0.04644420406337247,
      "14": 0.10349564217778687
    },
    "10": {
      "1": 0.06089459753803643,
      "2": 0.07620884247822764,
      "3": 0.03113945218758065,
      "4": 0.03586047779499957,
      "5": 0.052081194558311686,
      "6": 0.1190538621163102,
      "7": 0.1486461160578571,
      "8": 0.025515373389745948,
      "9": 0.052869296215383645,
      "10": 0.01928479523020945,
      "11": 0.06842573586667489,
      "12": 0.22708625680073213,
      "13": 0.04123902935229731,
      "14": 0.09302687365440694
    },
    "20": {
      "1": 0.058275481843161156,
      "2": 0.0802072290277578,
      "3": 0.031500984140243445,
      "4": 0.03806807377618841,
      "5": 0.050422102170111706,
      "6": 0.11446527974810287,
      "7": 0.14827357287426018,
      "8": 0.02987798020259319,
      "9": 0.04905106949161097,
      "10": 0.01878917276617037,
      "11": 0.0663379982723555,
      "12": 0.23642742866322036,
      "13": 0.03673136794569275,
      "14": 0.09066172369778587
    },
    "50": {
      "1": 0.05810721569109004,
      "2": 0.06220455184922237,
      "3": 0.03258428658733677,
      "4": 0.03597681465799111,
      "5": 0.050112280402901034,
      "6": 0.11400160129290175,
      "7": 0.1579468302033471,
      "8": 0.024136992653680696,
      "9": 0.0477801868790731,
      "10": 0.018541849191048478,
      "11": 0.06688520311407001,
      "12": 0.24759682690784351,
      "13": 0.037435045347292764,
      "14": 0.09103671154797861
    }
  }
}